name,country_codes,countries
LEGAL BUREAU CONSULTANT,RUS,Russia
"ABUBEKEROV, EDWARD",RUS,Russia
ARSENIEV YURI,RUS,Russia
"RINSKY, VADIM M.",RUS,Russia
"IOUDACHINE, ALEXANDRE",RUS,Russia
MR. ALEXANDER V. LEGVEZA,RUS,Russia
INVESTCONSULT INC.,RUS,Russia
SUPREMA LEX LTD.,RUS,Russia
FDS LAW LTD,RUS,Russia
NIKOLAI ROUDYI,RUS,Russia
"ODO ""COLLEGIA""",BLR,Belarus
GLOBAL WEALTH MANAGEMENT CENTER LIMITED,RUS,Russia
"MUHAMMAD SAJID ULLAH, MR.",RUS,Russia
ZAO FOGRA TRADING LTD.,RUS,Russia
CLS CONSULTANTS  LTD,RUS,Russia
"WAGDY MOBASHER, ANWAR (MR.)",RUS,Russia
DAVID HENDERSON-STEWART,RUS,Russia
VESE CORPORATION,RUS,Russia
"WALTON CONSULTANTS LIMITED,",RUS,Russia
DMITRY PONOMAREV,RUS,Russia
MR. IGOR TKACHUK,RUS,Russia
SETCOMP,RUS,Russia
EVGENY L. ANDREEV,RUS,Russia
"SUN COMMUNICATIONS, SRL (SUNTV)",MDA,Moldova
TEHNO-REGION LTD.,RUS,Russia
ENSENTIUM AUDITORS LIMITED,RUS,Russia
AMOND & SMITH LTD (MOSCOW),RUS,Russia
SHEMIGONOV VIATCHESLAV FEDOROVICH,RUS,Russia
"GAMOLIN QUINN VYZHLOV, LLP",RUS,Russia
ZISIN & ASSOCIATES,RUS,Russia
MEGAPOLIS CONSULTING,RUS,Russia
MIKHAIL NECHVOLODOV,RUS,Russia
WORLDWIDE INCORPORATION SERVICES,RUS,Russia
NECHAEV ANDREY,RUS,Russia
LEGAL CONSULTANTS LTD.,RUS,Russia
GERMAN OSHKORDIN,RUS,Russia
AURORA SECURITIES TRADING INC.,RUS,Russia
LIDIA  KUPREVICH,RUS,Russia
KIRILL LUPINOS,RUS,Russia
FORT SOLUTION LIMITED,RUS,Russia
ANDREY LISYANSKIY,RUS,Russia
LEXMANS CONSULTING GROUP,RUS,Russia
NIKITA MUZYRYA,RUS,Russia
PARALLEL UK,RUS,Russia
ELENA FESKIV,RUS,Russia
YEVGENIY KURGUZKIN,KAZ,Kazakhstan
SHULGA KATERYNA,RUS,Russia
ANDREY ENIN,RUS,Russia
FTL ADVISERS LTD,RUS,Russia
VLADIMIR KOVALENKO,RUS,Russia
STSIAPAN HRYSHCHENIA,BLR,Belarus
LEGAL CONSULTING SERVICES LIMITED,RUS,Russia
EUROGLEN S.A.,RUS,Russia
"KOLTOUN, VLADIMIR",RUS,Russia
TRENSIS ENTERPRISE INCORPORATED,RUS,Russia
AGANIN & ASSOCIATES LAW OFFICE,RUS,Russia
''OLIMPBUSINESSCENTER'' LTD.,RUS,Russia
GARESE & ASSOCIATES,RUS,Russia
"RODIONOV, SERGUEI",RUS,Russia
HILL FINANCIAL LTD.,RUS,Russia
INTERNATIONAL MANAGEMENT & CORPORATE SERVICES (RUSSIA)  IMCS,RUS,Russia
TAYLEX RESOURCES INC.,RUS,Russia
LEGAL FACILITIES INSTITUTION,RUS,Russia
"ANDERSEN BUSINESS SERVICES, INC.",RUS,Russia
"NOSSOV, ALEXANDRE",RUS,Russia
UNIVERSAL +,RUS,Russia
DANEGUILD SECURITIES LIMITED,RUS,Russia
RUSSIAN CONSULTING COMPANY,RUS,Russia
ATM ALLIANCE LIMITED,RUS,Russia
(RUS CLT)MENWIN BUSINESS CONSULTANTS LIMITED,RUS,Russia
SECRETAN TROYANOV SCHAER S.A. (RUSSIA),RUS,Russia
R&R LAW OFFICE CORP.,RUS,Russia
TAX HOUSE LTD.,RUS,Russia
ANDREY KLINOVSKIY,RUS,Russia
CONSULT FINANCE LLC.,RUS,Russia
"VISAEV, ALI",RUS,Russia
"RAHZEV, SERGEI",RUS,Russia
